player_id,player,first,last,qualified_seasons,career_cv,career_rank
moorema01w,Maya Moore,2011,2018,8,56.151,1.0
stewabr01w,Breanna Stewart,2016,2025,9,56.057,2.0
leslili01w,Lisa Leslie,1997,2008,10,55.819,3.0
tauradi01w,Diana Taurasi,2004,2024,16,54.088,4.0
wilsoa01w,A'ja Wilson,2018,2025,8,52.879,5.0
parkeca01w,Candace Parker,2008,2022,11,49.722,6.0
swoopsh01w,Sheryl Swoopes,1998,2011,10,49.409,7.0
jacksla01w,Lauren Jackson,2001,2010,9,49.351,8.0
coopecy01w,Cynthia Cooper,1997,2000,4,49.214,9.0
thompti01w,Tina Thompson,1997,2013,15,46.45,10.0
catchta01w,Tamika Catchings,2002,2016,13,45.737,11.0
charlti01w,Tina Charles,2010,2025,14,41.458,12.0
fowlesy01w,Sylvia Fowles,2009,2022,11,40.999,13.0
mccouan01w,Angel McCoughtry,2009,2020,10,39.917,14.0
grinebr01w,Brittney Griner,2013,2025,11,39.859,15.0
griffyo01w,Yolanda Griffith,1999,2008,9,39.075,16.0
ogwumnn01w,Nneka Ogwumike,2012,2025,13,38.432,17.0
delleel01w,Elena Delle Donne,2013,2019,6,37.967,18.0
bonnede01w,DeWanna Bonner,2009,2025,16,37.402,19.0
augusse01w,Seimone Augustus,2006,2020,12,36.978,20.0
whaleli01w,Lindsay Whalen,2004,2018,14,36.401,21.0
thomaal01w,Alyssa Thomas,2014,2025,11,36.103,22.0
jonesjo01w,Jonquel Jones,2016,2025,9,36.093,23.0
nolande01w,Deanna Nolan,2001,2009,9,35.599,24.0
pondeca01w,Cappie Pondexter,2006,2018,13,35.544,25.0
birdsu01w,Sue Bird,2002,2022,18,31.716,26.0
cashsw01w,Swin Cash,2002,2016,14,30.896,27.0
mcwilta01w,Taj McWilliams-Franklin,1999,2012,13,30.201,28.0
douglka01w,Katie Douglas,2002,2014,12,29.979,29.0
miltode01w,DeLisha Milton-Jones,1999,2013,13,29.923,30.0
collina01w,Napheesa Collier,2019,2025,6,29.684,31.0
mabikmw01w,Mwadi Mabika,1997,2007,10,29.649,32.0
smithka01w,Katie Smith,1999,2013,14,29.217,33.0
graych01w,Chelsea Gray,2015,2025,10,28.619,34.0
loydje01w,Jewell Loyd,2015,2025,11,27.815,35.0
brunsre01w,Rebekkah Brunson,2004,2018,14,26.657,36.0
dupreca01w,Candice Dupree,2006,2021,15,26.567,37.0
plumke01w,Kelsey Plum,2017,2025,8,25.891,38.0
youngja01w,Jackie Young,2019,2025,7,25.834,39.0
taylope01w,Penny Taylor,2001,2016,10,25.591,40.0
hammobe01w,Becky Hammon,1999,2014,13,25.471,41.0
dixonta01w,Tamecka Dixon,1997,2009,11,21.829,42.0
ionessa01w,Sabrina Ionescu,2021,2025,5,21.662,43.0
stinsan01w,Andrea Stinson,1997,2004,8,21.57,44.0
youngso01w,Sophia Young-Malcolm,2006,2015,9,21.53,45.0
willico01w,Courtney Williams,2016,2025,10,21.33,46.0
tolivkr01w,Kristi Toliver,2009,2018,10,20.731,47.0
arcaija01w,Janeth Arcain,1997,2005,8,20.6,48.0
salesny01w,Nykesha Sales,1999,2007,8,20.559,49.0
fordch01w,Cheryl Ford,2003,2009,6,20.397,50.0
diggisk01w,Skylar Diggins,2013,2025,10,20.371,51.0
holdsch01w,Chamique Holdsclaw,1999,2010,8,20.094,52.0
vandeco01w,Courtney Vandersloot,2011,2024,13,20.063,53.0
johnsvi01w,Vickie Johnson,1997,2009,13,19.454,54.0
howarna01w,Natasha Howard,2014,2025,10,19.377,55.0
willina01w,Natalie Williams,1999,2005,7,19.127,56.0
mcbrika01w,Kayla McBride,2014,2025,11,18.962,57.0
lennobe01w,Betty Lennox,2000,2009,9,18.584,58.0
gilloje01w,Jennifer Gillom,1997,2003,7,17.853,59.0
smithta01w,Tangela Smith,1998,2011,14,17.519,60.0
jonesas01w,Asjha Jones,2002,2015,10,16.847,61.0
cambael01w,Liz Cambage,2011,2021,4,16.594,62.0
phillta01w,Tari Phillips,1999,2005,6,16.167,63.0
ogunbar01w,Arike Ogunbowale,2019,2024,6,16.101,64.0
princep01w,Epiphanny Prince,2010,2022,9,16.097,65.0
whitmta01w,Tamika Whitmore,1999,2009,11,16.049,66.0
desouer01w,Erika de Souza,2007,2017,9,15.806,67.0
beardal01w,Alana Beard,2004,2018,12,15.738,68.0
powelni01w,Nicole Powell,2004,2014,11,15.356,69.0
jonesbr01w,Brionna Jones,2018,2025,7,15.24,70.0
coppeka01w,Kahleah Copper,2016,2024,9,15.092,71.0
lyttlsa01w,Sancho Lyttle,2005,2017,10,14.499,72.0
hayesti01w,Tiffany Hayes,2012,2024,9,13.55,73.0
melvich01w,Chasity Melvin,1999,2010,12,13.52,74.0
dydekma01w,Margo Dydek,1998,2007,10,13.406,75.0
langhcr01w,Crystal Langhorne,2008,2019,12,12.969,76.0
samsh01w,Sheri Sam,1999,2008,10,12.904,77.0
thomaja01w,Jasmine Thomas,2011,2023,12,12.708,78.0
hambyde01w,Dearica Hamby,2015,2025,11,12.535,79.0
goodsad01w,Adrienne Goodson,1999,2005,7,12.438,80.0
pierspl01w,Plenette Pierson,2003,2017,14,12.083,81.0
wautean01w,Ann Wauters,2000,2012,6,12.053,82.0
lawsoka01w,Kara Lawson,2003,2014,11,11.686,83.0
howarrh01w,Rhyne Howard,2022,2025,4,11.661,84.0
snowmi01w,Michelle Snow,2002,2013,12,11.602,85.0
sabalsa01w,Satou Sabally,2020,2025,3,11.601,86.0
grayal01w,Allisha Gray,2017,2025,9,11.376,87.0
johnssh01w,Shannon Johnson,1999,2009,11,11.256,88.0
cloudna01w,Natasha Cloud,2015,2025,10,11.211,89.0
quiglal01w,Allie Quigley,2013,2022,10,11.118,90.0
robincr01w,Crystal Robinson,1999,2006,8,11.039,91.0
meessem01w,Emma Meesseman,2013,2022,6,11.026,92.0
hardili01w,Lindsey Harding,2008,2016,8,10.923,93.0
suttota01w,Tammy Sutton-Brown,2001,2012,12,10.832,94.0
mitchke01w,Kelsey Mitchell,2018,2025,8,10.242,95.0
jonesme01w,Merlakia Jones,1997,2004,8,10.18,96.0
teaslni01w,Nikki Teasley,2002,2007,5,10.18,97.0
wrighta01w,Tanisha Wright,2005,2019,14,10.151,98.0
bullevi01w,Vicky Bullett,1997,2002,6,10.108,99.0
boltoru01w,Ruthie Bolton,1997,2004,7,10.04,100.0
atkinar01w,Ariel Atkins,2018,2025,7,9.588,101.0
zellosh01w,Shavonte Zellous,2009,2021,10,9.468,102.0
vodicka01w,Kamila Vodichkova,2000,2006,7,8.99,103.0
mccarja01w,Janel McCarville,2005,2016,9,8.838,104.0
penicti01w,Ticha Penicheiro,1998,2011,14,8.829,105.0
laneybe01w,Betnijah Laney-Hamilton,2015,2024,7,8.507,106.0
witheso01w,Sophia Witherspoon,1997,2002,6,8.206,107.0
deforan01w,Anna DeForge,2000,2008,7,8.179,108.0
littlca01w,Camille Smith,2007,2019,13,8.014,109.0
castriz01w,Iziane Castro Marques,2005,2013,8,7.971,110.0
montgre01w,Renee Montgomery,2009,2019,10,7.943,111.0
milleke01w,Kelly Miller,2001,2011,11,7.855,112.0
byearla01w,Latasha Byears,1997,2007,8,7.831,113.0
weathte01w,Teresa Weatherspoon,1997,2004,8,7.683,114.0
hollake01w,Kedra Holland-Corn,1999,2006,7,7.675,115.0
bostoal01w,Aliyah Boston,2023,2025,3,7.427,116.0
baranel01w,Elena Baranova,1997,2005,6,7.375,117.0
reedbr01w,Brandy Reed,1998,2000,3,7.329,118.0
rileyru01w,Ruth Riley,2001,2012,11,7.203,119.0
chrissh01w,Shameka Christon,2004,2014,9,7.187,120.0
ferdima01w,Marie Ferdinand-Harris,2001,2011,9,7.062,121.0
lattaiv01w,Ivory Latta,2007,2017,9,6.849,122.0
simsod01w,Odyssey Sims,2014,2023,7,6.837,123.0
staleda01w,Dawn Staley,1999,2006,8,6.813,124.0
palmewe01w,Wendy Palmer,1997,2007,9,6.762,125.0
ogwumch01w,Chiney Ogwumike,2014,2022,5,6.592,126.0
clarkal01w,Alysha Clark,2013,2025,12,6.532,127.0
januabr01w,Briann January,2009,2022,12,6.398,128.0
mccrani01w,Nikki McCray,1998,2004,7,6.391,129.0
perkiji01w,Jia Perkins,2005,2017,12,6.236,130.0
feastal01w,Allison Feaster,1999,2008,8,6.235,131.0
hamptky01w,Kym Hampton,1997,1999,3,6.076,132.0
fijalis01w,Isabelle Fijalkowski,1997,1998,2,5.932,133.0
currimo01w,Monique Currie,2006,2018,12,5.786,134.0
abrossv01w,Svetlana Abrosimova,2001,2010,7,5.595,135.0
brondsa01w,Sandy Brondello,1998,2003,5,5.543,136.0
mabrema01w,Marina Mabrey,2019,2025,7,5.045,137.0
mccowte01w,Teaira McCowan,2019,2024,6,5.01,138.0
johnsgl01w,Glory Johnson,2012,2020,7,4.911,139.0
dolsost01w,Stefanie Dolson,2014,2025,10,4.776,140.0
mapprh01w,Rhonda Mapp,1997,2003,6,4.688,141.0
ohldeni01w,Nicole Ohlde,2004,2010,6,4.533,142.0
perroki01w,Kim Perrot,1997,1998,2,4.48,143.0
timmsmi01w,Michele Timms,1997,1999,3,4.463,144.0
parkech01w,Cheyenne Parker-Tyus,2015,2023,7,4.347,145.0
lavenja01w,Jantel Lavender,2011,2022,10,4.331,146.0
johnste01w,Temeka Johnson,2005,2015,9,4.308,147.0
sykesbr01w,Brittney Sykes,2017,2025,8,4.265,148.0
figgsuk01w,Ukari Figgs,2000,2003,4,4.117,149.0
nemcoev01w,Eva Nemcova,1997,1999,3,4.098,150.0
larkier01w,Erlana Larkins,2008,2017,6,3.998,151.0
braxtka01w,Kara Braxton,2005,2013,9,3.885,152.0
lobore01w,Rebecca Lobo,1997,2003,3,3.709,153.0
hoffmeb01w,Ebony Hoffman,2004,2013,9,3.663,154.0
dantada01w,Damiris Dantas,2014,2025,7,3.655,155.0
deshidi01w,Diamond DeShields,2018,2024,5,3.483,156.0
clarkca02w,Caitlin Clark,2024,2024,1,3.332,157.0
williri02w,Riquna Williams,2012,2021,6,3.23,158.0
williel01w,Elizabeth Williams,2016,2025,9,3.228,159.0
cartech01w,Chennedy Carter,2020,2024,2,3.222,160.0
robinda01w,Danielle Robinson,2011,2023,12,3.165,161.0
brogami01w,Michelle Brogan,1998,2000,2,3.152,162.0
braxtja01w,Janice Braxton,1997,1999,3,2.997,163.0
willita02w,Tamika Williams,2002,2008,6,2.596,164.0
burseja01w,Janell Burse,2002,2009,7,2.546,165.0
bentlal01w,Alex Bentley,2013,2019,7,2.528,166.0
tolerpe01w,Penny Toler,1997,1999,3,2.474,167.0
walkede01w,DeMya Walker,2000,2012,8,2.444,168.0
brownci01w,Cindy Brown,1998,1999,2,2.405,169.0
powerae01w,Aerial Powers,2016,2022,4,2.356,170.0
hledeko01w,Korie Hlede,1998,2001,4,2.335,171.0
rodgesu01w,Sugar Rodgers,2013,2020,8,2.31,172.0
canadjo01w,Jordin Canada,2018,2023,6,2.208,173.0
pettibr01w,Bridget Pettis,1997,2003,7,2.199,174.0
thomala01w,LaToya Thomas,2003,2007,3,2.138,175.0
azzije01w,Jennifer Azzi,1999,2003,4,2.119,176.0
bueckpa01w,Paige Bueckers,2025,2025,1,2.066,177.0
steveaz01w,Azura Stevens,2018,2025,5,2.047,178.0
powelel01w,Elaine Powell,2001,2007,7,1.971,179.0
reesean01w,Angel Reese,2024,2024,1,1.837,180.0
anosini01w,Nicky Anosike,2008,2011,4,1.775,181.0
shepaje01w,Jessica Shepard,2022,2025,2,1.725,182.0
adamsda01w,Danielle Adams,2012,2015,4,1.724,183.0
stileja01w,Jackie Stiles,2001,2001,1,1.639,184.0
whiteta01w,Tan White,2005,2014,9,1.625,185.0
mitchle01w,Leilani Mitchell,2008,2021,12,1.437,186.0
tzekopo01w,Polina Tzekova,1999,1999,1,1.415,187.0
cardoka01w,Kamilla Cardoso,2024,2025,2,1.388,188.0
stepama01w,Maria Stepanova,1999,2001,2,1.348,189.0
iriafki01w,Kiki Iriafen,2025,2025,1,1.323,190.0
austish01w,Shakira Austin,2022,2025,2,1.305,191.0
kraayca01w,Cathrine Kraayeveld,2006,2012,7,1.29,192.0
magbeez01w,Ezi Magbegor,2020,2025,6,1.26,193.0
cantydo01w,Dominique Canty,1999,2010,11,1.22,194.0
pringla01w,LaToya Sanders,2008,2019,3,1.213,195.0
citroso01w,Sonia Citron,2025,2025,1,1.205,196.0
brelaje01w,Jessica Breland,2013,2021,8,1.187,197.0
salauja01w,Janelle Salaün,2025,2025,1,1.087,198.0
smithal01w,Alanna Smith,2020,2025,4,1.024,199.0
fiebile01w,Leonie Fiebich,2024,2025,2,1.015,200.0
brcanra01w,Razija Brcaninovic,1998,1998,1,0.975,201.0
wheeler01w,Erica Wheeler,2016,2025,9,0.947,202.0
pagemu01w,Murriel Page,1998,2008,11,0.939,203.0
maxwemo01w,Monica Maxwell,2000,2000,1,0.892,204.0
smithna01w,NaLyssa Smith,2022,2025,4,0.866,205.0
reidtr01w,Tracy Reid,1998,2002,3,0.86,206.0
zhengha01w,Haixia Zheng,1997,1997,1,0.761,207.0
fosteto01w,Toni Foster,1997,1997,1,0.727,208.0
jacksri02w,Rickea Jackson,2024,2025,2,0.583,209.0
brownru01w,Rushia Brown,1997,2003,7,0.52,210.0
mcconsu01w,Suzie McConnell Serio,1998,2000,2,0.52,211.0
lambmo01w,Monica Lamb,1998,1998,1,0.512,212.0
pricear01w,Armintie Herrington,2007,2015,9,0.5,213.0
wiggica01w,Candice Wiggins,2008,2015,6,0.476,214.0
dalesst01w,Stacey Dales,2002,2007,4,0.305,215.0
hinesmy01w,Myisha Hines-Allen,2018,2025,7,0.21,216.0
chriska02w,Karima Christmas-Kelly,2011,2017,7,0.202,217.0
cruzan01w,Anna Cruz,2014,2014,1,0.196,218.0
torniel01w,Elena Tornikidou,2000,2001,2,0.131,219.0
youngta01w,Tamera Young,2008,2019,10,0.122,220.0
crawlsy01w,Sylvia Crawley,2000,2003,4,0.057,221.0
philler01w,Erin Phillips,2006,2016,6,-0.023,222.0
lloydan01w,Andrea Lloyd-Curry,1999,1999,1,-0.19,223.0
prahasa01w,Samantha Prahalis,2012,2012,1,-0.192,224.0
akoamo01w,Monique Akoa Makani,2025,2025,1,-0.28,225.0
schimsh01w,Shoni Schimmel,2014,2015,2,-0.282,226.0
grubigo01w,Gordana Grubin,1999,2002,4,-0.325,227.0
dabovan01w,Ana Dabovic,2015,2015,1,-0.404,228.0
mcgeepa01w,Pamela McGee,1997,1998,2,-0.407,229.0
carsoes01w,Essence Carson,2008,2020,11,-0.452,230.0
ndiayas01w,Astou Ndiaye-Diatta,1999,2002,4,-0.459,231.0
guytowa01w,Wanda Guyton,1997,1997,1,-0.465,232.0
wolteka01w,Kara Wolters,2000,2001,2,-0.531,233.0
bibrzag01w,Agnieszka Bibrzycka,2004,2006,2,-0.555,234.0
bradfcr01w,Crystal Bradford,2021,2021,1,-0.612,235.0
grudasa01w,Sandrine Gruda,2008,2014,4,-0.622,236.0
colemma01w,Marissa Coleman,2009,2017,9,-0.665,237.0
enissh01w,Shalonda Enis,1999,2003,3,-0.678,238.0
edwarmi01w,Michelle Edwards,1997,2000,4,-0.679,239.0
dickeke01w,Keitha Dickerson,2000,2000,1,-0.703,240.0
tateso01w,Sonja Tate,1999,1999,1,-0.715,241.0
fernama01w,Marta Fernandez,2007,2007,1,-0.752,242.0
mcculda01w,Danielle McCulley,2000,2000,1,-0.761,243.0
batkosu01w,Suzy Batkovic-Brown,2005,2005,1,-0.78,244.0
houstch01w,Charde Houston,2008,2013,6,-0.804,245.0
brazian01w,Angie Braziel,2001,2001,1,-0.805,246.0
humphta01w,Tasha Humphrey,2008,2009,2,-0.861,247.0
woodaly01w,Lynette Woodard,1997,1998,2,-0.872,248.0
hillta01w,Tayler Hill,2013,2016,3,-0.902,249.0
hiedena01w,Natisha Hiedeman,2020,2025,6,-0.904,250.0
malondo01w,Dominique Malonga,2025,2025,1,-0.91,251.0
askamma01w,Marlies Askamp,1997,2002,6,-0.944,252.0
morroan02w,Aneesah Morrow,2025,2025,1,-0.955,253.0
smithch02w,Charlotte Smith,1999,2005,7,-0.966,254.0
kingija01w,Jae Kingi-Cross,2001,2001,1,-0.977,255.0
moisead01w,Adriana Moises,2002,2002,1,-1.024,256.0
weckeke01w,Kendra Wecker,2006,2006,1,-1.05,257.0
samueka01w,Karlie Samuelson,2023,2024,2,-1.058,258.0
toloma01w,Marianna Tolo,2015,2015,1,-1.133,259.0
wrighmo01w,Monica Wright,2010,2014,5,-1.146,260.0
clearmi01w,Michelle Cleary,2000,2000,1,-1.164,261.0
owenssh01w,Shantia Owens,2000,2000,1,-1.167,262.0
allemju01w,Julie Allemand,2020,2025,2,-1.169,263.0
mcdonaa01w,Aari McDonald,2021,2022,2,-1.2,264.0
bishoab01w,Abby Bishop,2015,2015,1,-1.21,265.0
vaughki01w,Kia Vaughn,2009,2022,12,-1.215,266.0
ndouras01w,Astou Ndour-Fall,2016,2016,1,-1.217,267.0
harrifr01w,Fran Harris,1997,1997,1,-1.217,268.0
anderjo01w,Jolene Anderson,2008,2008,1,-1.219,269.0
adairje01w,Jessica Adair,2011,2011,1,-1.222,270.0
webbum01w,Umeki Webb,1997,1998,2,-1.236,271.0
pricefr01w,Franthea Price,1998,1998,1,-1.237,272.0
jamesta01w,Tamara James,2007,2007,1,-1.248,273.0
lacyna01w,Natasha Lacy,2011,2011,1,-1.267,274.0
jamesaz01w,Aziaha James,2025,2025,1,-1.271,275.0
stansti01w,Tiffany Stansbury,2007,2007,1,-1.274,276.0
macchla01w,Laura Macchi,2004,2004,1,-1.275,277.0
campbed01w,Edna Campbell,1999,2005,4,-1.28,278.0
traviti01w,Tiffany Travis,2000,2000,1,-1.288,279.0
youngca01w,Carolyn Young,2001,2001,1,-1.289,280.0
edwarto01w,Tonya Edwards,1999,2002,4,-1.297,281.0
quinejj01w,JJ Quinerly,2025,2025,1,-1.313,282.0
gwathja01w,Jazmon Gwathmey,2017,2017,1,-1.342,283.0
riversa01w,Saniya Rivers,2025,2025,1,-1.355,284.0
folklkr01w,Kristin Folkl,1999,2002,4,-1.383,285.0
potthan01w,Angie Potthoff,1999,1999,1,-1.389,286.0
turneba01w,Barbara Turner,2006,2008,2,-1.405,287.0
kobryew01w,Ewelina Kobryn,2012,2012,1,-1.407,288.0
vanemal01w,Sandra Van Embricqs,1998,1998,1,-1.429,289.0
zakalok01w,Oksana Zakaluzhnaya,2000,2000,1,-1.435,290.0
hartlbr01w,Bria Hartley,2014,2025,7,-1.445,291.0
williki01w,Kim Williams,1997,1998,2,-1.463,292.0
gordobr01w,Bridgette Gordon,1997,1998,2,-1.47,293.0
beviltu01w,Tully Bevilaqua,2000,2012,13,-1.48,294.0
fankadu01w,Dulcy Fankam Mendjiadeu,2023,2023,1,-1.53,295.0
boydca01w,Carla Boyd,1998,1999,2,-1.544,296.0
shielas01w,Ashley Shields,2007,2007,1,-1.548,297.0
matteka01w,Katie Mattera,2005,2008,4,-1.564,298.0
xuha01w,Han Xu,2022,2022,1,-1.565,299.0
bergegr01w,Grace Berger,2023,2023,1,-1.588,300.0
whiteer01w,Erica White,2008,2008,1,-1.589,301.0
streiju01w,Jurgita Streimikyte,2000,2005,3,-1.59,302.0
willile01w,Le'coe Willingham,2006,2013,8,-1.59,303.0
barnequ01w,Quacy Barnes,2000,2000,1,-1.601,304.0
shulead01w,Adrienne Shuler,1998,1998,1,-1.604,305.0
floremi01w,Milena Flores,2000,2000,1,-1.617,306.0
dossacl01w,Clarissa Dos Santos,2015,2015,1,-1.624,307.0
joensca01w,Cathy Joens,2008,2008,1,-1.624,308.0
jacksgw01w,Gwen Jackson,2003,2004,2,-1.624,309.0
paopate01w,Te-Hina PaoPao,2025,2025,1,-1.636,310.0
edwarte01w,Teresa Edwards,2003,2004,2,-1.638,311.0
frohlli01w,Linda Frohlich,2003,2003,1,-1.647,312.0
jacksde01w,Deanna Jackson,2003,2005,3,-1.647,313.0
jordapa01w,Pauline Jordan,1998,1998,1,-1.654,314.0
saureau01w,Audrey Sauret,2001,2001,1,-1.666,315.0
harriis01w,Isabelle Harrison,2016,2025,7,-1.693,316.0
holmejo01w,Joy Holmes-Harris,2000,2000,1,-1.714,317.0
whyteda01w,Davellyn Whyte,2013,2013,1,-1.724,318.0
fallotr01w,Trisha Fallon,1999,2001,2,-1.729,319.0
youngto01w,Toni Young,2013,2013,1,-1.732,320.0
odomle01w,Leaonna Odom,2020,2020,1,-1.781,321.0
bakersh01w,Sherill Baker,2006,2007,2,-1.79,322.0
collich01w,Charli Collier,2021,2021,1,-1.795,323.0
edwaraa01w,Aaliyah Edwards,2024,2025,2,-1.805,324.0
johnssh02w,Shenise Johnson,2012,2020,6,-1.809,325.0
jeffemo01w,Moriah Jefferson,2016,2023,4,-1.82,326.0
reisska01w,Kathrin Ress,2007,2007,1,-1.828,327.0
leiteca01w,Carla Leite,2025,2025,1,-1.829,328.0
pennjo01w,Jocelyn Penn,2003,2003,1,-1.832,329.0
branzge01w,Gergana Branzova,1998,1998,1,-1.838,330.0
reddja01w,Jamie Redd,2000,2001,2,-1.839,331.0
willita01w,Tara Williams,2000,2000,1,-1.853,332.0
mccaibr01w,Brandi McCain,2002,2002,1,-1.854,333.0
uzunse01w,Sevgi Uzun,2024,2024,1,-1.861,334.0
abrahta01w,Tajama Abraham,1997,1997,1,-1.862,335.0
donapbe01w,Bethany Donaphin,2004,2004,1,-1.868,336.0
chacoke01w,Keri Chaconas,1998,1998,1,-1.872,337.0
milleco01w,Coco Miller,2002,2011,10,-1.874,338.0
horstjo02w,Jordan Horston,2023,2024,2,-1.878,339.0
clarela01w,Layshia Clarendon,2013,2020,7,-1.88,340.0
maltsev01w,Evanthia Maltsi,2007,2007,1,-1.888,341.0
blodgci01w,Cindy Blodgett,1998,1998,1,-1.89,342.0
reissta01w,Tammi Reiss,1997,1998,2,-1.893,343.0
hendede01w,Destanni Henderson,2022,2022,1,-1.899,344.0
sheldja01w,Jacy Sheldon,2024,2024,1,-1.93,345.0
duffyme01w,Megan Duffy,2006,2006,1,-1.938,346.0
tricetr01w,Trena Trice,1997,1997,1,-1.941,347.0
blueoc01w,Octavia Blue,1998,1998,1,-1.943,348.0
olsenlu01w,Lucy Olsen,2025,2025,1,-1.948,349.0
dumercc01w,Celine Dumerc,2014,2014,1,-1.97,350.0
mccanra01w,Rashanda McCants,2009,2009,1,-1.978,351.0
nanch01w,Chen Nan,2009,2009,1,-1.983,352.0
bjedoni01w,Nina Bjedov,1999,1999,1,-1.984,353.0
brownco01w,Coretta Brown,2003,2004,2,-1.985,354.0
bookeka01w,Karen Booker,1997,1997,1,-2.015,355.0
holmese01w,Sequoia Holmes,2017,2017,1,-2.018,356.0
levesni01w,Nicole Levesque,1997,1997,1,-2.029,357.0
perpeer01w,Erin Perperoglou,2001,2009,5,-2.042,358.0
boneke01w,Kelsey Bone,2013,2018,5,-2.044,359.0
cartede01w,Deborah Carter,1998,1998,1,-2.048,360.0
wallakr01w,Kristy Wallace,2022,2023,2,-2.05,361.0
willika01w,Kamiko Williams,2013,2013,1,-2.067,362.0
gulima01w,Marie Gulich,2019,2019,1,-2.067,363.0
chanequ01w,Quianna Chaney,2008,2008,1,-2.082,364.0
barksla01w,LaQuanda Barksdale,2003,2003,1,-2.097,365.0
naredja01w,Jaime Nared,2018,2018,1,-2.106,366.0
charlda01w,Daedra Charles,1997,1997,1,-2.113,367.0
larakr01w,Krystyna Lara,1999,1999,1,-2.121,368.0
cebriel01w,Elisabeth Cebrian,1998,1998,1,-2.123,369.0
malcona01w,Nadine Malcolm,2001,2002,2,-2.135,370.0
willito01w,Toccara Williams,2004,2004,1,-2.14,371.0
nichoti01w,Tina Nicholson,1997,1997,1,-2.142,372.0
stricsh01w,Shekinna Stricklen,2012,2021,10,-2.174,373.0
brownla01w,La'Shawn Brown,1998,1998,1,-2.176,374.0
willile02w,Lenae Williams,2002,2002,1,-2.182,375.0
coxla01w,Lauren Cox,2021,2021,1,-2.195,376.0
westbka01w,Kathryn Westbeld,2025,2025,1,-2.197,377.0
jonesma01w,Marion Jones,2010,2010,1,-2.204,378.0
alhalta01w,Tawona Alhaleem,2001,2001,1,-2.217,379.0
novosna01w,Natalie Novosel,2012,2012,1,-2.236,380.0
barkesa01w,Sarah Ashlee Barker,2025,2025,1,-2.241,381.0
smithch01w,Christy Smith,1998,1998,1,-2.247,382.0
sanfona01w,Nakia Sanford,2004,2012,9,-2.25,383.0
garnean01w,Andrea Garner,2000,2000,1,-2.25,384.0
johnsti01w,Tiffani Johnson,2000,2006,5,-2.274,385.0
gilbrbr01w,Briana Gilbreath-Butler,2013,2013,1,-2.279,386.0
chaseso01w,Sonia Chase,1998,1998,1,-2.282,387.0
dillata01w,Tai Dillard,2003,2003,1,-2.307,388.0
zolmash01w,Shanna Zolman,2006,2010,3,-2.31,389.0
mckinsh01w,Shanece McKinney,2014,2014,1,-2.314,390.0
moeggli01w,Liz Moeggenberg,2006,2006,1,-2.332,391.0
harpeli01w,Linnae Harper,2018,2018,1,-2.336,392.0
cazorma01w,Maite Cazorla,2019,2019,1,-2.346,393.0
thompal01w,Alicia Thompson,2000,2005,2,-2.353,394.0
stillva01w,Valerie Still,1999,1999,1,-2.356,395.0
congran01w,Andrea Congreaves,1997,1999,3,-2.36,396.0
mccarbr01w,Brooke McCarty-Williams,2019,2019,1,-2.363,397.0
guiraar01w,Arella Guirantes,2021,2021,1,-2.372,398.0
hillec01w,E.C. Hill,2000,2000,1,-2.387,399.0
dunlavi01w,Victoria Dunlap,2011,2011,1,-2.407,400.0
lesliki01w,Kiara Leslie,2020,2020,1,-2.41,401.0
harrili01w,Lisa Harrison,1999,2005,6,-2.417,402.0
ajavoma01w,Matee Ajavon,2008,2017,10,-2.433,403.0
stafftr01w,Trisha Stafford-Odom,2001,2001,1,-2.44,404.0
mccarst01w,Stephanie White,1999,2003,4,-2.457,405.0
stevema01w,Mandisa Stevenson,2004,2004,1,-2.459,406.0
sissoka01w,Kadi Sissoko,2023,2023,1,-2.464,407.0
burgehe01w,Heidi Burge,1997,1998,2,-2.464,408.0
morrizi01w,Ziomara Morrison,2012,2012,1,-2.466,409.0
luzhe01w,Helen Luz,2001,2002,2,-2.467,410.0
leuchye01w,Yelena Leuchanka,2010,2010,1,-2.489,411.0
mitchti01w,Tiffany Mitchell,2016,2025,9,-2.518,412.0
yueruli01w,Li Yueru,2024,2025,2,-2.521,413.0
cartesy01w,Sydney Carter,2015,2015,1,-2.53,414.0
parisco01w,Courtney Paris,2009,2019,8,-2.533,415.0
hamsoje01w,Jennifer Hamson,2015,2015,1,-2.561,416.0
logicsa01w,Samantha Logic,2015,2015,1,-2.572,417.0
veselja01w,Jana Vesela,2010,2010,1,-2.584,418.0
yamasli01w,Lindsey Yamasaki,2003,2003,1,-2.587,419.0
kiesebr01w,Brianna Kiesel,2015,2015,1,-2.606,420.0
kukloan01w,Andrea Kuklova,1998,1998,1,-2.62,421.0
hollira01w,Rachel Hollivay,2016,2016,1,-2.621,422.0
milledi03w,Diamond Miller,2023,2025,2,-2.634,423.0
whitiva01w,Val Whiting-Raymond,1999,2001,2,-2.636,424.0
dossaci01w,Cintia dos Santos,2000,2002,2,-2.673,425.0
mengli01w,Li Meng,2023,2023,1,-2.678,426.0
laksaki01w,Kitija Laksa,2025,2025,1,-2.691,427.0
frazeme01w,Megan Frazee,2009,2009,1,-2.697,428.0
lehnish01w,Shalee Lehning,2009,2010,2,-2.715,429.0
udokamf01w,Mfon Udoka,2003,2003,1,-2.721,430.0
rasmukr01w,Kristen Rasmussen,2000,2008,9,-2.73,431.0
anderke01w,Keisha Anderson,2000,2000,1,-2.731,432.0
artiska01w,Katasha Artis,1997,1997,1,-2.734,433.0
schwege01w,Georgia Schweitzer,2001,2002,2,-2.738,434.0
smithcr01w,Crystal Smith,2007,2008,2,-2.751,435.0
burgeli01w,Linda Burgess,1997,1999,3,-2.763,436.0
whitede01w,DeTrina White,2004,2004,1,-2.768,437.0
doyleka01w,Kathleen Doyle,2020,2020,1,-2.775,438.0
coopete01w,Te'a Cooper,2020,2021,2,-2.778,439.0
spornra01w,Rachael Sporn,1998,2001,2,-2.792,440.0
clinest01w,Stacy Clinesmith,2000,2000,1,-2.798,441.0
stokeki01w,Kiah Stokes,2015,2025,10,-2.802,442.0
jekaban01w,Anete Jekabsone-Zogota,2009,2014,2,-2.82,443.0
colleka01w,Katrina Colleton,1997,2000,3,-2.829,444.0
martima01w,Maylana Martin,2000,2001,2,-2.837,445.0
walkeja01w,Jasmine Walker,2022,2022,1,-2.874,446.0
cortica01w,Carla Cortijo,2016,2016,1,-2.88,447.0
siegrma01w,Maddy Siegrist,2023,2023,1,-2.894,448.0
gravede01w,Denique Graves,1997,1997,1,-2.908,449.0
fagbete01w,Temi Fagbenle,2018,2025,2,-2.908,450.0
heldle01w,Lexi Held,2025,2025,1,-2.911,451.0
durras01w,AD Durr,2023,2023,1,-2.93,452.0
zarafr01w,Francesca Zara,2005,2005,1,-2.934,453.0
headde01w,Dena Head,1997,1998,2,-2.939,454.0
burraal01w,Alisa Burras,1999,2003,4,-2.94,455.0
whitcsa01w,Sami Whitcomb,2017,2025,9,-2.94,456.0
vanloju01w,Julie Vanloo,2024,2025,2,-2.958,457.0
bertsmo01w,Morgan Bertsch,2023,2023,1,-2.968,458.0
vealkr01w,Kristen Veal,2001,2002,2,-2.971,459.0
achonna01w,Natalie Achonwa,2015,2020,6,-2.979,460.0
buttsta01w,Tasha Butts,2004,2004,1,-2.987,461.0
grginve01w,Vedrana Grgin-Fonseca,2001,2001,1,-2.989,462.0
nurseki01w,Kia Nurse,2018,2025,7,-3.006,463.0
hallvi01w,Vicki Hall,2000,2001,2,-3.022,464.0
jacksti01w,Tia Jackson,1997,1997,1,-3.052,465.0
bondla01w,LaToya Bond,2006,2008,2,-3.105,466.0
jonesch01w,Chandi Jones,2004,2005,2,-3.111,467.0
ruffiti01w,Tierra Ruffin-Pratt,2013,2020,8,-3.115,468.0
lambesh01w,Sheila Lambert,2003,2004,2,-3.118,469.0
parksro01w,Robyn Parks,2023,2023,1,-3.156,470.0
harpela01w,Laura Harper,2008,2009,2,-3.187,471.0
darlihe01w,Helen Darling,2000,2010,10,-3.195,472.0
graylal01w,Alexis Gray-Lawson,2011,2011,1,-3.216,473.0
williri01w,Rita Williams,1998,2003,6,-3.216,474.0
thornka01w,Kayla Thornton,2017,2024,8,-3.249,475.0
wrighsh01w,Shereka Wright,2004,2005,2,-3.275,476.0
mahonme01w,Megan Mahoney,2006,2006,1,-3.295,477.0
gardnan01w,Andrea Gardner,2002,2002,1,-3.303,478.0
boydbr01w,Brittany Boyd,2015,2019,4,-3.31,479.0
scottol01w,Olympia Scott,1998,2004,5,-3.311,480.0
jacksta02w,Tamicha Jackson,2001,2004,4,-3.315,481.0
payeka01w,Kate Paye,2000,2001,2,-3.317,482.0
mannkr01w,Kristen Mann,2005,2007,3,-3.325,483.0
shookky01w,Kylee Shook,2020,2021,2,-3.327,484.0
atunrmo01w,Morenike Atunrase,2008,2008,1,-3.347,485.0
andrame01w,Mery Andrade,1999,2002,4,-3.348,486.0
wooslti01w,Tiffany Woosley,1997,1997,1,-3.351,487.0
ferrama01w,Marina Ferragut,2000,2000,1,-3.352,488.0
jonesja02w,Jazmine Jones,2020,2021,2,-3.365,489.0
brungje01w,Jessica Brungo,2004,2004,1,-3.37,490.0
johanma01w,Marine Johannes,2023,2025,2,-3.375,491.0
pridely01w,Lynn Pride,2000,2002,3,-3.377,492.0
quinnno01w,Noelle Quinn,2007,2017,11,-3.38,493.0
williga01w,Gabby Williams,2018,2025,5,-3.393,494.0
burrera01w,Rae Burrell,2023,2024,2,-3.401,495.0
raglafe01w,Felicia Ragland,2002,2004,2,-3.408,496.0
liebena01w,Nancy Lieberman,1997,1997,1,-3.408,497.0
moorepe01w,Penny Moore,1997,1998,2,-3.416,498.0
sabalny01w,Nyara Sabally,2023,2023,1,-3.416,499.0
jacksti02w,Tiffany Jackson-Jones,2007,2017,6,-3.417,500.0
scottra01w,Raegan Pebley,1998,1998,1,-3.42,501.0
summela01w,Laura Summerton,2006,2006,1,-3.437,502.0
willish01w,Shaquala Williams,2003,2003,1,-3.446,503.0
mckenna01w,Nadirah McKenith,2013,2013,1,-3.48,504.0
lewisty01w,Tynesha Lewis,2001,2004,2,-3.494,505.0
brownle02w,Lexie Brown,2019,2022,3,-3.521,506.0
nyeaa01w,Aaliyah Nye,2025,2025,1,-3.522,507.0
cannoem01w,Emma Cannon,2017,2023,2,-3.523,508.0
daleygr01w,Grace Daley,2000,2002,2,-3.528,509.0
hawkiti01w,Tianna Hawkins,2013,2023,9,-3.533,510.0
dangecr01w,Crystal Dangerfield,2020,2024,5,-3.537,511.0
vangomi01w,Michele Van Gorp,2000,2003,2,-3.565,512.0
gortmsh01w,Shaunzinski Gortman,2002,2003,2,-3.565,513.0
malotal01w,Ally Malott,2015,2015,1,-3.57,514.0
tremich01w,Chantel Tremitiere,1997,2000,3,-3.579,515.0
timpsma01w,Makayla Timpson,2025,2025,1,-3.582,516.0
smithki01w,Kim Smith,2006,2006,1,-3.591,517.0
chongsa01w,Saniya Chong,2017,2017,1,-3.591,518.0
johnsni01w,Niesa Johnson,1999,1999,1,-3.593,519.0
sykesap01w,April Sykes,2012,2012,1,-3.607,520.0
hagiwmi01w,Mikiko Hagiwara,1997,1997,1,-3.608,521.0
frankaq01w,A'Quonesia Franklin,2008,2008,1,-3.616,522.0
milicni01w,Nikolina Milic,2022,2023,2,-3.623,523.0
egboqu01w,Queen Egbo,2022,2023,2,-3.629,524.0
tayloas01w,Asia Taylor,2017,2017,1,-3.64,525.0
carlebr01w,Bridget Carleton,2020,2025,6,-3.659,526.0
machiru01w,Rui Machida,2022,2022,1,-3.687,527.0
kostaan01w,Anastasia Kostaki,2006,2006,1,-3.695,528.0
wickssu01w,Sue Wicks,1997,2002,6,-3.695,529.0
petroso01w,Sonja Petrovic,2012,2016,2,-3.702,530.0
thomach01w,Christi Thomas,2004,2007,4,-3.718,531.0
nygaava01w,Vanessa Nygaard,2000,2002,3,-3.722,532.0
juhasdo01w,Dorka Juhász,2023,2024,2,-3.736,533.0
carridi01w,DiJonai Carrington,2021,2025,5,-3.74,534.0
hillmna01w,Naz Hillmon,2022,2025,4,-3.772,535.0
maigaha01w,Hamchetou Maiga-Ba,2002,2010,8,-3.779,536.0
gemelja01w,Jacki Gemelos,2020,2020,1,-3.8,537.0
irvinsa01w,Sandora Irvin,2011,2011,1,-3.822,538.0
mathiad01w,A'dia Mathies,2013,2013,1,-3.833,539.0
aguilel01w,Elisa Aguilar,2002,2002,1,-3.838,540.0
williad01w,Adrian Williams-Strong,2000,2008,7,-3.846,541.0
mooreyo01w,Yolanda Moore,1998,1999,2,-3.847,542.0
morrije01w,Jene Morris,2010,2010,1,-3.852,543.0
gardnre01w,Rebekah Gardner,2022,2025,2,-3.873,544.0
campbmi02w,Michelle Campbell,2013,2013,1,-3.896,545.0
baughvi01w,Vicki Baugh,2014,2015,2,-3.9,546.0
cookezi01w,Zia Cooke,2023,2024,2,-3.905,547.0
cloudni01w,Nia Clouden,2022,2022,1,-3.915,548.0
simmome01w,Meighan Simmons,2016,2016,1,-3.924,549.0
shakiel01w,Elena Shakirova,2001,2001,1,-3.934,550.0
cubajlo01w,Lorela Cubaj,2024,2024,1,-3.939,551.0
hamptke01w,Keisha Hampton,2016,2016,1,-3.943,552.0
jarryra01w,Rachel Jarry,2013,2013,1,-3.953,553.0
coopeca01w,Camille Cooper,2002,2002,1,-3.973,554.0
saundja01w,Jaynetta Saunders,2001,2002,2,-3.982,555.0
phillpo01w,Porsha Phillips,2011,2011,1,-4.009,556.0
brownka01w,Kalani Brown,2019,2024,3,-4.031,557.0
suttosu01w,Sug Sutton,2023,2025,3,-4.036,558.0
hendene01w,Nekeshia Henderson,2001,2001,1,-4.048,559.0
mackna01w,Natasha Mack,2024,2025,2,-4.052,560.0
richadi01w,DiDi Richards,2021,2021,1,-4.053,561.0
engstem01w,Emily Engstler,2022,2025,3,-4.109,562.0
flukety01w,Tye'sha Fluker,2006,2008,2,-4.122,563.0
goodran01w,Angel Goodrich,2013,2014,2,-4.131,564.0
holmebr01w,Bria Holmes,2016,2020,4,-4.133,565.0
peterha01w,Haley Peters,2016,2025,2,-4.14,566.0
caldwma01w,Maya Caldwell,2023,2025,2,-4.153,567.0
batteja01w,Jacqueline Batteast,2006,2006,1,-4.166,568.0
hendetr01w,Tracy Henderson,1999,2002,2,-4.176,569.0
hornbal01w,Alexis Hornbuckle,2008,2013,6,-4.201,570.0
hightal01w,Allison Hightower,2011,2012,2,-4.307,571.0
hebarru01w,Ruthy Hebard,2020,2021,2,-4.329,572.0
smithai01w,Aiysha Smith,2003,2004,2,-4.339,573.0
nevescl01w,Claudia Neves,1999,2000,2,-4.341,574.0
moorelo01w,Loree Moore,2005,2009,5,-4.355,575.0
mascira01w,Raffaella Masciadri,2005,2008,2,-4.387,576.0
browned01w,Edwina Brown,2000,2003,4,-4.392,577.0
randase01w,Semeka Randall,2001,2004,4,-4.466,578.0
mooreta01w,Tamara Moore,2002,2006,4,-4.467,579.0
mckivte01w,Teana Miller,2003,2005,2,-4.485,580.0
thorner01w,Erin Thorn,2006,2012,7,-4.486,581.0
mavunst01w,Stephanie Mavunga,2018,2019,2,-4.493,582.0
chriska01w,Kayte Christensen,2002,2004,3,-4.501,583.0
erbsu01w,Summer Erb,2000,2002,2,-4.512,584.0
stedika01w,Katy Steding,2000,2001,2,-4.519,585.0
smithch03w,Charmin Smith,2000,2001,2,-4.542,586.0
johnspo01w,Pollyanna Johns Kimbrough,1998,2003,3,-4.569,587.0
zandace01w,Cecilia Zandalasini,2018,2024,2,-4.582,588.0
zahuiam01w,Amanda Zahui B.,2015,2023,8,-4.639,589.0
faulkja01w,Jamierra Faulkner,2014,2016,3,-4.66,590.0
mccrada01w,Danielle McCray,2011,2012,2,-4.691,591.0
raincna01w,Nayo Raincock-Ekunwe,2017,2019,2,-4.73,592.0
melboja01w,Jade Melbourne,2023,2025,3,-4.744,593.0
peddysh01w,Shey Peddy,2020,2022,3,-4.792,594.0
marcimi01w,Michelle Marciniak,2000,2002,3,-4.797,595.0
anigwkr01w,Kristine Anigwe,2019,2020,2,-4.802,596.0
turnebr01w,Brianna Turner,2019,2023,5,-4.805,597.0
ngoyibe01w,Bernadette Ngoyisa,2005,2008,3,-4.816,598.0
burgean01w,Annie La Fleur,1999,2003,4,-4.837,599.0
blackde01w,Debbie Black,1999,2004,6,-4.843,600.0
holtam01w,Amber Holt,2008,2012,4,-4.918,601.0
gearlka01w,Katie Gearlds,2007,2008,2,-4.97,602.0
bassmi01w,Mistie Bass,2006,2016,8,-5.029,603.0
russeme01w,Mercedes Russell,2018,2024,6,-5.03,604.0
aldrima01w,Markita Aldridge,1999,2000,2,-5.055,605.0
daviska01w,Kaela Davis,2017,2019,3,-5.094,606.0
robinan01w,Angel Robinson,2014,2018,2,-5.103,607.0
tilliic01w,Iciss Tillis,2004,2006,2,-5.111,608.0
tuvicsl01w,Slobodanka Tuvic,2001,2004,3,-5.178,609.0
widemja01w,Jamila Wideman,1997,1999,3,-5.19,610.0
derevje01w,Jennifer Derevjanik,2005,2006,2,-5.209,611.0
barnead01w,Adia Barnes,1998,2004,3,-5.227,612.0
dietrbl01w,Blake Dietrick,2018,2020,2,-5.256,613.0
vadeema01w,Maria Kliundikova,2018,2025,2,-5.299,614.0
dorresc01w,Scholanda Dorrell,2006,2012,7,-5.337,615.0
martika01w,Kate Martin,2024,2025,2,-5.34,616.0
bladerh01w,Rhonda Blades,1997,1998,2,-5.348,617.0
mcgheca01w,Carla McGhee,1999,2000,2,-5.361,618.0
turneyv01w,Yvonne Turner,2017,2019,3,-5.403,619.0
mccaiti01w,Tiffany McCain,2000,2001,2,-5.423,620.0
sanniol01w,Olayinka Sanni,2008,2009,2,-5.429,621.0
ivanyda01w,Dalma Ivanyi,2000,2006,3,-5.441,622.0
coateal01w,Alaina Coates,2018,2020,2,-5.47,623.0
jonesha01w,Haley Jones,2023,2024,2,-5.478,624.0
lovelst01w,Stacey Lovelace,2000,2006,4,-5.558,625.0
rileyan01w,Andrea Riley,2010,2011,2,-5.564,626.0
billimo01w,Monique Billings,2018,2024,6,-5.57,627.0
tuckmo01w,Morgan Tuck,2016,2019,3,-5.587,628.0
balesal01w,Alison Bales,2008,2011,3,-5.63,629.0
willojo01w,Jocelyn Willoughby,2020,2023,2,-5.658,630.0
badertr01w,Tricia Bader Binford,1998,2000,2,-5.664,631.0
suberto01w,Tora Suber,1997,1999,3,-5.708,632.0
walkeme01w,Megan Walker,2020,2021,2,-5.714,633.0
hodgero01w,Roneeka Hodges,2005,2014,9,-5.733,634.0
lassiam01w,Amanda Lassiter,2001,2006,6,-5.77,635.0
alaribe01w,Bella Alarie,2020,2021,2,-5.773,636.0
bellki01w,Kierstan Bell,2023,2025,2,-5.78,637.0
lucasma01w,Maggie Lucas,2014,2015,2,-5.837,638.0
blackch01w,Chante Black,2009,2012,3,-5.869,639.0
washico01w,Coquese Washington,1998,2002,4,-5.943,640.0
newtoch01w,Chelsea Newton,2005,2008,4,-6.039,641.0
lacyje01w,Jennifer Lacy,2006,2015,9,-6.058,642.0
edwarsi01w,Simone Edwards,2000,2005,5,-6.094,643.0
burtove01w,Veronica Burton,2022,2025,4,-6.133,644.0
farriba01w,Barbara Farris,2001,2008,8,-6.152,645.0
mannish01w,Sharon Manning,1997,2000,4,-6.161,646.0
millsta01w,Tausha Mills,2000,2003,3,-6.182,647.0
schumke01w,Kelly Schumacher,2001,2007,6,-6.24,648.0
charlka01w,Kaila Charles,2020,2025,3,-6.267,649.0
boyetim01w,Imani McGee-Stafford,2016,2019,4,-6.336,650.0
jacobam01w,Amber Jacobs,2004,2007,4,-6.368,651.0
atkinla01w,La'Tangela Atkinson,2006,2007,2,-6.379,652.0
banhara01w,Rachel Banham,2017,2025,9,-6.388,653.0
mosbybe01w,Bernice Mosby,2007,2009,3,-6.471,654.0
samueka02w,Katie Lou Samuelson,2020,2024,4,-6.473,655.0
hullle01w,Lexie Hull,2022,2025,4,-6.479,656.0
jonesal01w,Alexis Jones,2017,2018,2,-6.488,657.0
davenje01w,Jessica Davenport,2007,2012,5,-6.502,658.0
tokasra01w,Ramu Tokashiki,2015,2017,3,-6.503,659.0
battlas01w,Ashley Battle,2006,2009,4,-6.545,660.0
nagyan01w,Andrea Nagy,1999,2002,4,-6.573,661.0
henryan01w,Aneika Henry-Morello,2012,2015,4,-6.617,662.0
washito01w,Tonya Massaline,2001,2003,3,-6.646,663.0
walkeay01w,Ayana Walker,2002,2006,3,-6.659,664.0
kuieraw01w,Awak Kuier,2022,2023,2,-6.672,665.0
swordca01w,Carolyn Swords,2011,2020,8,-6.673,666.0
coffeni01w,Nia Coffey,2017,2025,7,-6.687,667.0
thomakr01w,Krystal Thomas,2012,2018,4,-6.805,668.0
blueni01w,Nikki Blue,2006,2008,3,-6.805,669.0
mazzake01w,Kelly Mazzante,2004,2009,6,-6.807,670.0
bauerca01w,Cass Bauer-Bilodeau,1999,2002,3,-6.811,671.0
harrimi01w,Mikiah Herbert Harrigan,2020,2024,2,-6.825,672.0
appelja01w,Jayne Appel-Marinelli,2010,2016,7,-6.911,673.0
murphsh01w,Shay Murphy,2007,2017,7,-6.918,674.0
groomla01w,Lady Grooms,1997,2004,8,-6.971,675.0
machacl01w,Clarisse Machanguana,1999,2002,4,-6.975,676.0
cunniso01w,Sophie Cunningham,2019,2024,6,-7.023,677.0
snellbe01w,Belinda Snell,2006,2009,3,-7.024,678.0
johnsad01w,Adrienne Johnson,1997,2003,6,-7.057,679.0
herriam01w,Amy Herrig,2000,2002,3,-7.081,680.0
allenre01w,Rebecca Allen,2017,2025,6,-7.089,681.0
haydeva01w,Vanessa Hayden,2004,2009,5,-7.095,682.0
listotr01w,Tricia Liston,2014,2015,2,-7.102,683.0
warleav01w,Avery Warley-Talbert,2012,2015,3,-7.143,684.0
oheaje01w,Jenna O'Hea,2011,2015,4,-7.25,685.0
momprbe01w,Beatrice Mompremier,2020,2021,2,-7.258,686.0
allenli01w,Lindsay Allen,2017,2025,7,-7.264,687.0
nelsool01w,Olivia Nelson-Ododa,2022,2025,4,-7.285,688.0
peterde01w,Devereaux Peters,2012,2016,5,-7.29,689.0
hicksje01w,Jessie Hicks,1997,2004,6,-7.294,690.0
thomast01w,Stacey Thomas,2000,2003,4,-7.347,691.0
clemeco01w,Courtney Clements,2013,2014,2,-7.635,692.0
kellycr01w,Crystal Kelly,2008,2010,3,-7.638,693.0
kizerly01w,Lynetta Kizer,2013,2016,4,-7.641,694.0
gardike01w,Kerri Gardin,2008,2011,4,-7.684,695.0
harrity01w,Tyasha Harris,2020,2024,5,-7.686,696.0
alexaka01w,Kayla Alexander,2013,2020,7,-7.724,697.0
harrokr01w,Kristi Harrower,1998,2009,6,-7.765,698.0
montgal01w,Alex Montgomery,2011,2017,6,-7.782,699.0
willili01w,Lisa Willis,2006,2008,3,-7.824,700.0
gatlima01w,Markeisha Gatling,2014,2016,3,-7.857,701.0
hoopejo01w,Jordan Hooper,2014,2017,4,-7.933,702.0
holliqu01w,Quanitra Hollingsworth,2009,2015,4,-7.949,703.0
hodgedo01w,Doneeka Lewis,2004,2006,3,-8.035,704.0
holmejo02w,Joyner Holmes,2020,2023,3,-8.079,705.0
wyckobr01w,Brooke Wyckoff,2001,2009,7,-8.094,706.0
iveyni01w,Niele Ivey,2001,2005,4,-8.098,707.0
walkesh01w,Shatori Walker-Kimbrough,2017,2025,7,-8.109,708.0
frettla01w,La'Keshia Frett,1999,2005,7,-8.141,709.0
anderch01w,Chantelle Anderson,2003,2005,3,-8.179,710.0
henniso01w,Sonja Henning,1999,2003,5,-8.211,711.0
hardeal01w,Alex Harden,2015,2016,2,-8.226,712.0
francca01w,Cayla George,2015,2023,3,-8.279,713.0
jacksta01w,Tammy Jackson,1997,2001,5,-8.337,714.0
greenka01w,Kalana Greene,2010,2013,4,-8.407,715.0
fordki01w,Kisha Ford,1997,2001,4,-8.593,716.0
careyja01w,Jamie Carey,2006,2008,3,-8.65,717.0
brownki01w,Kiesha Brown,2003,2010,6,-8.666,718.0
johnsla01w,LaTonya Johnson,1998,2003,6,-8.686,719.0
spencsi01w,Sidney Spencer,2007,2011,4,-8.699,720.0
viviavi01w,Victoria Vivians,2018,2024,5,-8.705,721.0
griffke01w,Kelsey Griffin,2010,2014,5,-8.958,722.0
brumfma01w,Marla Brumfield,2000,2003,3,-9.029,723.0
fariske01w,Kelly Faris,2013,2016,4,-9.256,724.0
goodlsa01w,Sasha Goodlett,2012,2014,3,-9.29,725.0
mccaler01w,Erica McCall,2017,2021,4,-9.325,726.0
evansda02w,Dana Evans,2021,2025,5,-9.457,727.0
gustame01w,Megan Gustafson,2019,2024,4,-9.525,728.0
pederka01w,Kayla Pedersen,2011,2017,6,-9.541,729.0
onyenmi01w,Michaela Onyenwere,2021,2025,5,-9.624,730.0
talbost01w,Stephanie Talbot,2017,2025,7,-9.653,731.0
haynikr01w,Kristin Haynie,2005,2009,5,-9.929,732.0
lawsoed01w,Edwige Lawson-Wade,2006,2010,4,-10.103,733.0
bobbish01w,Shannon Bobbitt,2008,2012,4,-10.143,734.0
plaisth01w,Theresa Plaisance,2015,2022,6,-10.151,735.0
wiesesy01w,Sydney Wiese,2017,2021,4,-10.174,736.0
starbka01w,Kate Starbird,1999,2002,4,-10.238,737.0
gibsoke01w,Kelley Gibson,2001,2003,3,-10.444,738.0
parkji01w,JiSu Park,2018,2021,3,-10.524,739.0
koehnla01w,Laurie Koehn,2005,2008,4,-10.611,740.0
grayre01w,Reshanda Gray,2015,2022,4,-10.804,741.0
wisdoli01w,Lindsay Wisdom-Hylton,2009,2012,4,-11.019,742.0
mccrini01w,Nicky McCrimmon,2000,2003,4,-11.148,743.0
rizzoje01w,Jennifer Rizzotti,1999,2003,5,-11.162,744.0
elysh01w,Shyra Ely-Gash,2005,2011,5,-11.31,745.0
pohleje01w,Jeanette Pohlen-Mavunga,2011,2017,4,-11.354,746.0
burkeke01w,Kennedy Burke,2019,2025,5,-11.388,747.0
harriam01w,Amber Harris,2011,2017,4,-11.977,748.0
mooreje01w,Jessica Moore,2006,2011,6,-12.375,749.0
sharpkb01w,K.B. Sharp,2003,2009,5,-12.376,750.0
robinas01w,Ashley Robinson,2005,2012,8,-12.511,751.0
colsosy01w,Sydney Colson,2015,2024,7,-12.651,752.0
mosquka01w,Kaleena Mosqueda-Lewis,2015,2020,5,-13.024,753.0
swanike01w,Ketia Swanier,2008,2012,5,-15.648,754.0
